{
    "name": "root",
    "gauges": {
        "AgentBehavior.Policy.Entropy.mean": {
            "value": 1.4469949007034302,
            "min": 1.446624755859375,
            "max": 1.4477207660675049,
            "count": 15
        },
        "AgentBehavior.Policy.Entropy.sum": {
            "value": 14520.59375,
            "min": 14204.90625,
            "max": 14957.8515625,
            "count": 15
        },
        "AgentBehavior.Environment.EpisodeLength.mean": {
            "value": 130.09459459459458,
            "min": 118.61728395061728,
            "max": 139.1267605633803,
            "count": 15
        },
        "AgentBehavior.Environment.EpisodeLength.sum": {
            "value": 9627.0,
            "min": 9608.0,
            "max": 10269.0,
            "count": 15
        },
        "AgentBehavior.Step.mean": {
            "value": 149960.0,
            "min": 9950.0,
            "max": 149960.0,
            "count": 15
        },
        "AgentBehavior.Step.sum": {
            "value": 149960.0,
            "min": 9950.0,
            "max": 149960.0,
            "count": 15
        },
        "AgentBehavior.Policy.ExtrinsicValueEstimate.mean": {
            "value": -1.3332877159118652,
            "min": -1.8147703409194946,
            "max": 0.9212272763252258,
            "count": 15
        },
        "AgentBehavior.Policy.ExtrinsicValueEstimate.sum": {
            "value": -283.99029541015625,
            "min": -384.7313232421875,
            "max": 198.06385803222656,
            "count": 15
        },
        "AgentBehavior.Environment.CumulativeReward.mean": {
            "value": -3.766732851664225,
            "min": -6.741060874831509,
            "max": 1.104273721575737,
            "count": 15
        },
        "AgentBehavior.Environment.CumulativeReward.sum": {
            "value": -282.5049638748169,
            "min": -478.6153221130371,
            "max": 88.34189772605896,
            "count": 15
        },
        "AgentBehavior.Policy.ExtrinsicReward.mean": {
            "value": -3.766732851664225,
            "min": -6.741060874831509,
            "max": 1.104273721575737,
            "count": 15
        },
        "AgentBehavior.Policy.ExtrinsicReward.sum": {
            "value": -282.5049638748169,
            "min": -478.6153221130371,
            "max": 88.34189772605896,
            "count": 15
        },
        "AgentBehavior.IsTraining.mean": {
            "value": 1.0,
            "min": 1.0,
            "max": 1.0,
            "count": 15
        },
        "AgentBehavior.IsTraining.sum": {
            "value": 1.0,
            "min": 1.0,
            "max": 1.0,
            "count": 15
        },
        "AgentBehavior.Losses.PolicyLoss.mean": {
            "value": 0.027362505486235023,
            "min": 0.018218290974618866,
            "max": 0.02960402827205447,
            "count": 14
        },
        "AgentBehavior.Losses.PolicyLoss.sum": {
            "value": 0.027362505486235023,
            "min": 0.018218290974618866,
            "max": 0.02960402827205447,
            "count": 14
        },
        "AgentBehavior.Losses.ValueLoss.mean": {
            "value": 3.8040776014328004,
            "min": 3.0879628976186115,
            "max": 15.597001012166341,
            "count": 14
        },
        "AgentBehavior.Losses.ValueLoss.sum": {
            "value": 3.8040776014328004,
            "min": 3.0879628976186115,
            "max": 15.597001012166341,
            "count": 14
        },
        "AgentBehavior.Policy.LearningRate.mean": {
            "value": 0.0002956852514382501,
            "min": 0.0002956852514382501,
            "max": 0.00029969166010277993,
            "count": 14
        },
        "AgentBehavior.Policy.LearningRate.sum": {
            "value": 0.0002956852514382501,
            "min": 0.0002956852514382501,
            "max": 0.00029969166010277993,
            "count": 14
        },
        "AgentBehavior.Policy.Epsilon.mean": {
            "value": 0.19856174999999995,
            "min": 0.19856174999999995,
            "max": 0.1998972200000001,
            "count": 14
        },
        "AgentBehavior.Policy.Epsilon.sum": {
            "value": 0.19856174999999995,
            "min": 0.19856174999999995,
            "max": 0.1998972200000001,
            "count": 14
        },
        "AgentBehavior.Policy.Beta.mean": {
            "value": 0.004928231325000001,
            "min": 0.004928231325000001,
            "max": 0.0049948712779999994,
            "count": 14
        },
        "AgentBehavior.Policy.Beta.sum": {
            "value": 0.004928231325000001,
            "min": 0.004928231325000001,
            "max": 0.0049948712779999994,
            "count": 14
        }
    },
    "metadata": {
        "timer_format_version": "0.1.0",
        "start_time_seconds": "1710078130",
        "python_version": "3.9.13 (main, Oct 13 2022, 21:23:06) [MSC v.1916 64 bit (AMD64)]",
        "command_line_arguments": "C:\\Users\\orhun\\anaconda3\\envs\\mlagents\\Scripts\\mlagents-learn configuration.yaml --initialize-from 0.2.1-02",
        "mlagents_version": "0.30.0",
        "mlagents_envs_version": "0.30.0",
        "communication_protocol_version": "1.5.0",
        "pytorch_version": "2.2.1",
        "numpy_version": "1.21.2",
        "end_time_seconds": "1710078881"
    },
    "total": 750.6340706,
    "count": 1,
    "self": 4.07823360000009,
    "children": {
        "run_training.setup": {
            "total": 0.3073486000000001,
            "count": 1,
            "self": 0.3073486000000001
        },
        "TrainerController.start_learning": {
            "total": 746.2484883999999,
            "count": 1,
            "self": 1.3845016999891868,
            "children": {
                "TrainerController._reset_env": {
                    "total": 7.367354699999999,
                    "count": 1,
                    "self": 7.367354699999999
                },
                "TrainerController.advance": {
                    "total": 737.1057417000108,
                    "count": 50304,
                    "self": 1.3261410000078513,
                    "children": {
                        "env_step": {
                            "total": 665.774166799995,
                            "count": 50304,
                            "self": 267.60281419997784,
                            "children": {
                                "SubprocessEnvManager._take_step": {
                                    "total": 397.20982440000944,
                                    "count": 51530,
                                    "self": 6.200258200014616,
                                    "children": {
                                        "TorchPolicy.evaluate": {
                                            "total": 391.0095661999948,
                                            "count": 50510,
                                            "self": 391.0095661999948
                                        }
                                    }
                                },
                                "workers": {
                                    "total": 0.9615282000076917,
                                    "count": 50303,
                                    "self": 0.0,
                                    "children": {
                                        "worker_root": {
                                            "total": 2220.9752843000147,
                                            "count": 51527,
                                            "is_parallel": true,
                                            "self": 716.6734932000168,
                                            "children": {
                                                "steps_from_proto": {
                                                    "total": 0.017182599999999937,
                                                    "count": 3,