{
    "name": "root",
    "gauges": {
        "AgentBehavior.Policy.Entropy.mean": {
            "value": 1.4163092374801636,
            "min": 1.4163092374801636,
            "max": 1.418938398361206,
            "count": 13
        },
        "AgentBehavior.Policy.Entropy.sum": {
            "value": 14038.45703125,
            "min": 13459.3046875,
            "max": 19325.94140625,
            "count": 13
        },
        "AgentBehavior.Environment.EpisodeLength.mean": {
            "value": 79.41843971631205,
            "min": 39.24864864864865,
            "max": 79.41843971631205,
            "count": 13
        },
        "AgentBehavior.Environment.EpisodeLength.sum": {
            "value": 11198.0,
            "min": 7261.0,
            "max": 11198.0,
            "count": 13
        },
        "AgentBehavior.Step.mean": {
            "value": 129951.0,
            "min": 9995.0,
            "max": 129951.0,
            "count": 13
        },
        "AgentBehavior.Step.sum": {
            "value": 129951.0,
            "min": 9995.0,
            "max": 129951.0,
            "count": 13
        },
        "AgentBehavior.Policy.ExtrinsicValueEstimate.mean": {
            "value": -7.448838233947754,
            "min": -7.822170734405518,
            "max": -1.692396879196167,
            "count": 13
        },
        "AgentBehavior.Policy.ExtrinsicValueEstimate.sum": {
            "value": -1735.579345703125,
            "min": -1835.445556640625,
            "max": -424.7916259765625,
            "count": 13
        },
        "AgentBehavior.Environment.CumulativeReward.mean": {
            "value": -11.250658373460702,
            "min": -13.90022093928262,
            "max": -11.250658373460702,
            "count": 13
        },
        "AgentBehavior.Environment.CumulativeReward.sum": {
            "value": -1586.342830657959,
            "min": -2490.5824089050293,
            "max": -1566.8251123428345,
            "count": 13
        },
        "AgentBehavior.Policy.ExtrinsicReward.mean": {
            "value": -11.250658373460702,
            "min": -13.90022093928262,
            "max": -11.250658373460702,
            "count": 13
        },
        "AgentBehavior.Policy.ExtrinsicReward.sum": {
            "value": -1586.342830657959,
            "min": -2490.5824089050293,
            "max": -1566.8251123428345,
            "count": 13
        },
        "AgentBehavior.IsTraining.mean": {
            "value": 1.0,
            "min": 1.0,
            "max": 1.0,
            "count": 13
        },
        "AgentBehavior.IsTraining.sum": {
            "value": 1.0,
            "min": 1.0,
            "max": 1.0,
            "count": 13
        },
        "AgentBehavior.Losses.PolicyLoss.mean": {
            "value": 0.023709552993144218,
            "min": 0.020363753341371194,
            "max": 0.03012091825560977,
            "count": 12
        },
        "AgentBehavior.Losses.PolicyLoss.sum": {
            "value": 0.023709552993144218,
            "min": 0.020363753341371194,
            "max": 0.03012091825560977,
            "count": 12
        },
        "AgentBehavior.Losses.ValueLoss.mean": {
            "value": 4.447669935226441,
            "min": 4.447669935226441,
            "max": 20.21839993794759,
            "count": 12
        },
        "AgentBehavior.Losses.ValueLoss.sum": {
            "value": 4.447669935226441,
            "min": 4.447669935226441,
            "max": 20.21839993794759,
            "count": 12
        },
        "AgentBehavior.Policy.LearningRate.mean": {
            "value": 0.0002963049012316999,
            "min": 0.0002963049012316999,
            "max": 0.0002996918101027299,
            "count": 12
        },
        "AgentBehavior.Policy.LearningRate.sum": {
            "value": 0.0002963049012316999,
            "min": 0.0002963049012316999,
            "max": 0.0002996918101027299,
            "count": 12
        },
        "AgentBehavior.Policy.Epsilon.mean": {
            "value": 0.19876830000000006,
            "min": 0.19876830000000006,
            "max": 0.19989727000000004,
            "count": 12
        },
        "AgentBehavior.Policy.Epsilon.sum": {
            "value": 0.19876830000000006,
            "min": 0.19876830000000006,
            "max": 0.19989727000000004,
            "count": 12
        },
        "AgentBehavior.Policy.Beta.mean": {
            "value": 0.004938538170000002,
            "min": 0.004938538170000002,
            "max": 0.004994873773,
            "count": 12
        },
        "AgentBehavior.Policy.Beta.sum": {
            "value": 0.004938538170000002,
            "min": 0.004938538170000002,
            "max": 0.004994873773,
            "count": 12
        }
    },
    "metadata": {
        "timer_format_version": "0.1.0",
        "start_time_seconds": "1709924521",
        "python_version": "3.9.13 (main, Oct 13 2022, 21:23:06) [MSC v.1916 64 bit (AMD64)]",
        "command_line_arguments": "C:\\Users\\orhun\\anaconda3\\envs\\mlagents\\Scripts\\mlagents-learn configuration.yaml --env Builds\\0.2.0\\MLProject.exe --time-scale 25 --num-envs 12 --run-id 0.2.0-02 --no-graphics",
        "mlagents_version": "0.30.0",
        "mlagents_envs_version": "0.30.0",
        "communication_protocol_version": "1.5.0",
        "pytorch_version": "2.2.1",
        "numpy_version": "1.21.2",
        "end_time_seconds": "1709925042"
    },
    "total": 521.02791,
    "count": 1,
    "self": 4.504129100000114,
    "children": {
        "run_training.setup": {
            "total": 3.7272511,
            "count": 1,
            "self": 3.7272511
        },
        "TrainerController.start_learning": {
            "total": 512.7965297999999,
            "count": 1,
            "self": 0.5623759999989488,
            "children": {
                "TrainerController._reset_env": {
                    "total": 22.1006974,
                    "count": 1,
                    "self": 22.1006974
                },
                "TrainerController.advance": {
                    "total": 489.40605940000086,
                    "count": 8433,
                    "self": 0.6082659000015269,
                    "children": {
                        "env_step": {
                            "total": 394.99949119999854,
                            "count": 8433,
                            "self": 249.72741950000116,
                            "children": {
                                "SubprocessEnvManager._take_step": {
                                    "total": 144.88827129999845,
                                    "count": 13397,
                                    "self": 2.911522600001007,
                                    "children": {
                                        "TorchPolicy.evaluate": {
                                            "total": 141.97674869999744,
                                            "count": 11588,
                                            "self": 141.97674869999744
                                        }
                                    }
                                },
                                "workers": {
                                    "total": 0.38380039999893967,
                                    "count": 8432,
                                    "self": 0.0,
                                    "children": {
                                        "worker_root": {
                                            "total": 5960.335947100012,
                                            "count": 13385,
                                            "is_parallel": true,
                                            "self": 1215.9950973999958,
                                            "children": {
                                                "steps_from_proto": {
                                                    "total": 0.07708350000000053,