{
    "name": "root",
    "gauges": {
        "AgentBehavior.Policy.Entropy.mean": {
            "value": 1.4082379341125488,
            "min": 1.4080538749694824,
            "max": 1.4203596115112305,
            "count": 77
        },
        "AgentBehavior.Policy.Entropy.sum": {
            "value": 28138.001953125,
            "min": 27778.26171875,
            "max": 28562.3828125,
            "count": 77
        },
        "AgentBehavior.Environment.EpisodeLength.mean": {
            "value": 144.12408759124088,
            "min": 89.52466367713005,
            "max": 144.32846715328466,
            "count": 77
        },
        "AgentBehavior.Environment.EpisodeLength.sum": {
            "value": 19745.0,
            "min": 18792.0,
            "max": 20240.0,
            "count": 77
        },
        "AgentBehavior.Step.mean": {
            "value": 1559958.0,
            "min": 39956.0,
            "max": 1559958.0,
            "count": 77
        },
        "AgentBehavior.Step.sum": {
            "value": 1559958.0,
            "min": 39956.0,
            "max": 1559958.0,
            "count": 77
        },
        "AgentBehavior.Policy.ExtrinsicValueEstimate.mean": {
            "value": -3.9043357372283936,
            "min": -4.512397289276123,
            "max": -1.3303794860839844,
            "count": 77
        },
        "AgentBehavior.Policy.ExtrinsicValueEstimate.sum": {
            "value": -1374.326171875,
            "min": -1610.92578125,
            "max": -504.21380615234375,
            "count": 77
        },
        "AgentBehavior.Environment.CumulativeReward.mean": {
            "value": -8.609834265017856,
            "min": -11.814186785860759,
            "max": -7.982532672224374,
            "count": 77
        },
        "AgentBehavior.Environment.CumulativeReward.sum": {
            "value": -1188.157128572464,
            "min": -2619.457832098007,
            "max": -1157.4672374725342,
            "count": 77
        },
        "AgentBehavior.Policy.ExtrinsicReward.mean": {
            "value": -8.609834265017856,
            "min": -11.814186785860759,
            "max": -7.982532672224374,
            "count": 77
        },
        "AgentBehavior.Policy.ExtrinsicReward.sum": {
            "value": -1188.157128572464,
            "min": -2619.457832098007,
            "max": -1157.4672374725342,
            "count": 77
        },
        "AgentBehavior.Losses.PolicyLoss.mean": {
            "value": 0.021785627888827246,
            "min": 0.01867763482538673,
            "max": 0.031978242739569396,
            "count": 77
        },
        "AgentBehavior.Losses.PolicyLoss.sum": {
            "value": 0.04357125577765449,
            "min": 0.02156627913742947,
            "max": 0.059380188087622326,
            "count": 77
        },
        "AgentBehavior.Losses.ValueLoss.mean": {
            "value": 2.378237867355347,
            "min": 1.7698873599370322,
            "max": 10.431066783269246,
            "count": 77
        },
        "AgentBehavior.Losses.ValueLoss.sum": {
            "value": 4.756475734710694,
            "min": 1.7698873599370322,
            "max": 20.862133566538493,
            "count": 77
        },
        "AgentBehavior.Policy.LearningRate.mean": {
            "value": 0.000253606530464495,
            "min": 0.000253606530464495,
            "max": 0.0002990720703093099,
            "count": 77
        },
        "AgentBehavior.Policy.LearningRate.sum": {
            "value": 0.00050721306092899,
            "min": 0.0002553022348992601,
            "max": 0.00059721906092698,
            "count": 77
        },
        "AgentBehavior.Policy.Epsilon.mean": {
            "value": 0.184535505,
            "min": 0.184535505,
            "max": 0.19969068999999998,
            "count": 77
        },
        "AgentBehavior.Policy.Epsilon.sum": {
            "value": 0.36907101,
            "min": 0.18510074000000007,
            "max": 0.3990730199999999,
            "count": 77
        },
        "AgentBehavior.Policy.Beta.mean": {
            "value": 0.0042283216995000015,
            "min": 0.0042283216995000015,
            "max": 0.004984565431000001,
            "count": 77
        },
        "AgentBehavior.Policy.Beta.sum": {
            "value": 0.008456643399000003,
            "min": 0.004256526925999999,
            "max": 0.009953743697999999,
            "count": 77
        },
        "AgentBehavior.IsTraining.mean": {
            "value": 1.0,
            "min": 1.0,
            "max": 1.0,
            "count": 77
        },
        "AgentBehavior.IsTraining.sum": {
            "value": 1.0,
            "min": 1.0,
            "max": 1.0,
            "count": 77
        }
    },
    "metadata": {
        "timer_format_version": "0.1.0",
        "start_time_seconds": "1710087344",
        "python_version": "3.9.13 (main, Oct 13 2022, 21:23:06) [MSC v.1916 64 bit (AMD64)]",
        "command_line_arguments": "C:\\Users\\orhun\\anaconda3\\envs\\mlagents\\Scripts\\mlagents-learn results\\0.3.0-01\\configuration.yaml --resume",
        "mlagents_version": "0.30.0",
        "mlagents_envs_version": "0.30.0",
        "communication_protocol_version": "1.5.0",
        "pytorch_version": "2.2.1",
        "numpy_version": "1.21.2",
        "end_time_seconds": "1710096383"
    },
    "total": 9038.7955569,
    "count": 1,
    "self": 0.8485160000018368,
    "children": {
        "run_training.setup": {
            "total": 0.3018824000000002,
            "count": 1,
            "self": 0.3018824000000002
        },
        "TrainerController.start_learning": {
            "total": 9037.6451585,
            "count": 1,
            "self": 27.93352379967655,
            "children": {
                "TrainerController._reset_env": {
                    "total": 7.4011766,
                    "count": 1,
                    "self": 7.4011766
                },
                "TrainerController.advance": {
                    "total": 9001.954682400323,
                    "count": 1072834,
                    "self": 26.36707449968526,
                    "children": {
                        "env_step": {
                            "total": 8269.886757199974,
                            "count": 1072834,
                            "self": 3217.5730660004265,
                            "children": {
                                "SubprocessEnvManager._take_step": {
                                    "total": 5031.5926723999655,
                                    "count": 1182811,
                                    "self": 132.5451933999093,
                                    "children": {
                                        "TorchPolicy.evaluate": {
                                            "total": 4899.047479000056,
                                            "count": 1173701,
                                            "self": 4899.047479000056
                                        }
                                    }
                                },
                                "workers": {
                                    "total": 20.72101879958246,
                                    "count": 1072833,
                                    "self": 0.0,
                                    "children": {
                                        "worker_root": {
                                            "total": 27047.91270819962,
                                            "count": 1182809,
                                            "is_parallel": true,
                                            "self": 10236.50969739879,
                                            "children": {
                                                "steps_from_proto": {
                                                    "total": 0.010376999999999192,
                                                    "count": 3,