{
    "name": "root",
    "gauges": {
        "AgentBehavior.Policy.Entropy.mean": {
            "value": 1.4415550231933594,
            "min": 1.4179972410202026,
            "max": 1.4415550231933594,
            "count": 50
        },
        "AgentBehavior.Policy.Entropy.sum": {
            "value": 71962.4296875,
            "min": 70750.3046875,
            "max": 72128.96875,
            "count": 50
        },
        "AgentBehavior.Environment.EpisodeLength.mean": {
            "value": 134.04864864864865,
            "min": 65.44578313253012,
            "max": 134.04864864864865,
            "count": 50
        },
        "AgentBehavior.Environment.EpisodeLength.sum": {
            "value": 49598.0,
            "min": 48888.0,
            "max": 49922.0,
            "count": 50
        },
        "AgentBehavior.Step.mean": {
            "value": 2499969.0,
            "min": 49982.0,
            "max": 2499969.0,
            "count": 50
        },
        "AgentBehavior.Step.sum": {
            "value": 2499969.0,
            "min": 49982.0,
            "max": 2499969.0,
            "count": 50
        },
        "AgentBehavior.Policy.ExtrinsicValueEstimate.mean": {
            "value": -1.352570652961731,
            "min": -5.0506510734558105,
            "max": 1.326087236404419,
            "count": 50
        },
        "AgentBehavior.Policy.ExtrinsicValueEstimate.sum": {
            "value": -1429.667236328125,
            "min": -5697.13427734375,
            "max": 1399.02197265625,
            "count": 50
        },
        "AgentBehavior.Environment.CumulativeReward.mean": {
            "value": -4.93466928577166,
            "min": -12.298820173772347,
            "max": -1.3030351947764962,
            "count": 50
        },
        "AgentBehavior.Environment.CumulativeReward.sum": {
            "value": -1830.762305021286,
            "min": -9174.91984963417,
            "max": -510.7897963523865,
            "count": 50
        },
        "AgentBehavior.Policy.ExtrinsicReward.mean": {
            "value": -4.93466928577166,
            "min": -12.298820173772347,
            "max": -1.3030351947764962,
            "count": 50
        },
        "AgentBehavior.Policy.ExtrinsicReward.sum": {
            "value": -1830.762305021286,
            "min": -9174.91984963417,
            "max": -510.7897963523865,
            "count": 50
        },
        "AgentBehavior.Losses.PolicyLoss.mean": {
            "value": 0.022169573921273694,
            "min": 0.020447914009074943,
            "max": 0.027403808773766893,
            "count": 50
        },
        "AgentBehavior.Losses.PolicyLoss.sum": {
            "value": 0.11084786960636847,
            "min": 0.08179165603629977,
            "max": 0.13701904386883446,
            "count": 50
        },
        "AgentBehavior.Losses.ValueLoss.mean": {
            "value": 3.4217466259002682,
            "min": 3.4217466259002682,
            "max": 17.89709906578064,
            "count": 50
        },
        "AgentBehavior.Losses.ValueLoss.sum": {
            "value": 17.108733129501342,
            "min": 17.108733129501342,
            "max": 71.58839626312256,
            "count": 50
        },
        "AgentBehavior.Policy.LearningRate.mean": {
            "value": 0.00022572090675970603,
            "min": 0.00022572090675970603,
            "max": 0.0002992299677566775,
            "count": 50
        },
        "AgentBehavior.Policy.LearningRate.sum": {
            "value": 0.0011286045337985302,
            "min": 0.0009269185510271797,
            "max": 0.00148920294359902,
            "count": 50
        },
        "AgentBehavior.Policy.Epsilon.mean": {
            "value": 0.17524029400000005,
            "min": 0.17524029400000005,
            "max": 0.19974332249999996,
            "count": 50
        },
        "AgentBehavior.Policy.Epsilon.sum": {
            "value": 0.8762014700000003,
            "min": 0.70897282,
            "max": 0.9964009800000002,
            "count": 50
        },
        "AgentBehavior.Policy.Beta.mean": {
            "value": 0.0037644906706000006,
            "min": 0.0037644906706000006,
            "max": 0.0049871917927499995,
            "count": 50
        },
        "AgentBehavior.Policy.Beta.sum": {
            "value": 0.018822453353000004,
            "min": 0.015457743718000003,
            "max": 0.024820408902,
            "count": 50
        },
        "AgentBehavior.IsTraining.mean": {
            "value": 1.0,
            "min": 1.0,
            "max": 1.0,
            "count": 50
        },
        "AgentBehavior.IsTraining.sum": {
            "value": 1.0,
            "min": 1.0,
            "max": 1.0,
            "count": 50
        }
    },
    "metadata": {
        "timer_format_version": "0.1.0",
        "start_time_seconds": "1709892657",
        "python_version": "3.9.13 (main, Oct 13 2022, 21:23:06) [MSC v.1916 64 bit (AMD64)]",
        "command_line_arguments": "C:\\Users\\orhun\\anaconda3\\envs\\mlagents_tensor\\Scripts\\mlagents-learn configuration.yaml --run-id 01TestRun020 --torch-device cuda --no-graphics",
        "mlagents_version": "0.30.0",
        "mlagents_envs_version": "0.30.0",
        "communication_protocol_version": "1.5.0",
        "pytorch_version": "2.2.1",
        "numpy_version": "1.21.2",
        "end_time_seconds": "1709920050"
    },
    "total": 27392.7283104,
    "count": 1,
    "self": 0.025177800001983996,
    "children": {
        "run_training.setup": {
            "total": 0.20534850000000127,
            "count": 1,
            "self": 0.20534850000000127
        },
        "TrainerController.start_learning": {
            "total": 27392.4977841,
            "count": 1,
            "self": 6.052652799993666,
            "children": {
                "TrainerController._reset_env": {
                    "total": 14.172013,
                    "count": 1,
                    "self": 14.172013
                },
                "TrainerController.advance": {
                    "total": 27372.07792610001,
                    "count": 227901,
                    "self": 5.777922200097237,
                    "children": {
                        "env_step": {
                            "total": 26239.338902799565,
                            "count": 227901,
                            "self": 24726.574331499036,
                            "children": {
                                "SubprocessEnvManager._take_step": {
                                    "total": 1508.6870776002506,
                                    "count": 227901,
                                    "self": 30.63133779986515,
                                    "children": {
                                        "TorchPolicy.evaluate": {
                                            "total": 1478.0557398003855,
                                            "count": 209044,
                                            "self": 1478.0557398003855
                                        }
                                    }
                                },
                                "workers": {
                                    "total": 4.077493700278186,
                                    "count": 227900,
                                    "self": 0.0,
                                    "children": {
                                        "worker_root": {
                                            "total": 27361.933822099443,
                                            "count": 227900,
                                            "is_parallel": true,
                                            "self": 3027.8610661993407,
                                            "children": {
                                                "steps_from_proto": {
                                                    "total": 0.006286299999999301,
                                                    "count": 1,