{"count":1,"self":102.9848768,"total":115.269525,"children":{"InitializeActuators":{"count":1,"self":0.0015068,"total":0.0015068,"children":null},"InitializeSensors":{"count":1,"self":0.0014923999999999998,"total":0.0014923999999999998,"children":null},"AgentSendState":{"count":5471,"self":0.026191199999999998,"total":0.079474,"children":{"CollectObservations":{"count":1368,"self":0.026914399999999998,"total":0.026914399999999998,"children":null},"WriteActionMask":{"count":1368,"self":0.0026052,"total":0.0026052,"children":null},"RequestDecision":{"count":1368,"self":0.023763199999999998,"total":0.023763199999999998,"children":null}}},"DecideAction":{"count":5471,"self":2.4152907999999997,"total":2.4152907,"children":null},"AgentAct":{"count":5471,"self":9.785378399999999,"total":9.7853780999999991,"children":null}},"gauges":{"Dynamic Table.CumulativeReward":{"count":12,"max":2.25648046,"min":-1.99853182,"runningAverage":0.8989146,"value":0.09022856,"weightedAverage":0.5388074}},"metadata":{"timer_format_version":"0.1.0","start_time_seconds":"1711563766","unity_version":"2022.3.20f1","command_line_arguments":"C:\\Program Files\\Unity\\Hub\\Editor\\2022.3.20f1\\Editor\\Unity.exe -projectpath C:\\Users\\orhun\\OneDrive\\Belgeler\\GitHub\\MLProject -useHub -hubIPC -cloudEnvironment production -licensingIpc LicenseClient-orhun -hubSessionId 54d651f9-211b-44bb-9165-929cbb5e8d44 -accessToken GpOEz2UusGZ_JchqH-PavFmGtPeQjNGpMZTRxbRqoqw011f","communication_protocol_version":"1.5.0","com.unity.ml-agents_version":"2.0.1","scene_name":"scene_v073","end_time_seconds":"1711563881"}}