{"count":1,"self":21.592247999999998,"total":22.0217963,"children":{"InitializeActuators":{"count":3,"self":0.0035091999999999996,"total":0.0035091999999999996,"children":null},"InitializeSensors":{"count":3,"self":0.0020659999999999997,"total":0.0020659999999999997,"children":null},"AgentSendState":{"count":817,"self":0.0057833,"total":0.0245686,"children":{"CollectObservations":{"count":220,"self":0.0151107,"total":0.0151107,"children":null},"WriteActionMask":{"count":220,"self":0.0011611,"total":0.0011611,"children":null},"RequestDecision":{"count":220,"self":0.0025134999999999997,"total":0.0025134999999999997,"children":null}}},"DecideAction":{"count":817,"self":0.0166338,"total":0.0166338,"children":null},"AgentAct":{"count":817,"self":0.38175159999999997,"total":0.38175159999999997,"children":null}},"gauges":{},"metadata":{"timer_format_version":"0.1.0","start_time_seconds":"1710085615","unity_version":"2022.3.20f1","command_line_arguments":"C:\\Program Files\\Unity\\Hub\\Editor\\2022.3.20f1\\Editor\\Unity.exe -projectpath C:\\Users\\orhun\\MLProject -useHub -hubIPC -cloudEnvironment production -licensingIpc LicenseClient-orhun -hubSessionId e4a6735c-b6a9-46c4-9214-66d384326153 -accessToken 5ULRJ3txX939N3ZjtiORCqcft-e70_WQ-y26VylZ0Bo011f","communication_protocol_version":"1.5.0","com.unity.ml-agents_version":"2.0.1","scene_name":"scene_v030","end_time_seconds":"1710085637"}}