{"count":1,"self":24.508799999999997,"total":25.2472653,"children":{"InitializeActuators":{"count":1,"self":0.0020001999999999997,"total":0.0020001999999999997,"children":null},"InitializeSensors":{"count":1,"self":0.0025193999999999998,"total":0.0025193999999999998,"children":null},"AgentSendState":{"count":989,"self":0.0071249,"total":0.0192658,"children":{"CollectObservations":{"count":198,"self":0.0096239999999999989,"total":0.0096239999999999989,"children":null},"WriteActionMask":{"count":198,"self":0,"total":0,"children":null},"RequestDecision":{"count":198,"self":0.0025169,"total":0.0025169,"children":null}}},"DecideAction":{"count":989,"self":0.011988299999999999,"total":0.011988299999999999,"children":null},"AgentAct":{"count":989,"self":0.701692,"total":0.701692,"children":null}},"gauges":{"AgentBehavior.CumulativeReward":{"count":6,"max":7.300211,"min":2.00118876,"runningAverage":4.67763567,"value":5.00688553,"weightedAverage":4.60399151}},"metadata":{"timer_format_version":"0.1.0","start_time_seconds":"1710419470","unity_version":"2022.3.20f1","command_line_arguments":"C:\\Program Files\\Unity\\Hub\\Editor\\2022.3.20f1\\Editor\\Unity.exe -projectpath C:\\Users\\orhun\\MLProject -useHub -hubIPC -cloudEnvironment production -licensingIpc LicenseClient-orhun -hubSessionId 33506212-28e8-4659-bd06-70e719dd9736 -accessToken iK98IOMJib1dQk4RaFrqV0pN8Asvx5jfoYW5X1qR6wQ011f","communication_protocol_version":"1.5.0","com.unity.ml-agents_version":"2.0.1","scene_name":"scene_b040","end_time_seconds":"1710419496"}}