{"count":1,"self":173.6515456,"total":182.9735503,"children":{"InitializeActuators":{"count":1,"self":0.0020141,"total":0.0020141,"children":null},"InitializeSensors":{"count":1,"self":0.0025112999999999997,"total":0.0025112999999999997,"children":null},"AgentSendState":{"count":8880,"self":0.0296989,"total":0.0945473,"children":{"CollectObservations":{"count":2220,"self":0.030556999999999997,"total":0.030556999999999997,"children":null},"WriteActionMask":{"count":2220,"self":0.0060624999999999993,"total":0.0060624999999999993,"children":null},"RequestDecision":{"count":2220,"self":0.028228899999999998,"total":0.028228899999999998,"children":null}}},"DecideAction":{"count":8880,"self":3.9051411999999996,"total":3.9051411999999996,"children":null},"AgentAct":{"count":8880,"self":5.3167855999999993,"total":5.3167858,"children":null}},"gauges":{"AgentBehavior.CumulativeReward":{"count":64,"max":1.16030145,"min":1.01357949,"runningAverage":1.0726856,"value":1.1081233,"weightedAverage":1.09174168}},"metadata":{"timer_format_version":"0.1.0","start_time_seconds":"1710948034","unity_version":"2022.3.20f1","command_line_arguments":"C:\\Program Files\\Unity\\Hub\\Editor\\2022.3.20f1\\Editor\\Unity.exe -projectpath C:\\Users\\orhun\\OneDrive\\Belgeler\\GitHub\\MLProject -useHub -hubIPC -cloudEnvironment production -licensingIpc LicenseClient-orhun -hubSessionId 5a6e3d57-139c-4716-af76-9015c5ab3a49 -accessToken pzoFa3iisoJsCbKHact7U-oSk8IYeKTjroQoDnWseks011f","communication_protocol_version":"1.5.0","com.unity.ml-agents_version":"2.0.1","scene_name":"scene_b071","end_time_seconds":"1710948217"}}