{
    "name": "root",
    "gauges": {
        "AgentBehavior.Policy.Entropy.mean": {
            "value": 1.4304126501083374,
            "min": 1.418938398361206,
            "max": 1.4304126501083374,
            "count": 30
        },
        "AgentBehavior.Policy.Entropy.sum": {
            "value": 14341.3173828125,
            "min": 14033.8369140625,
            "max": 14580.5048828125,
            "count": 30
        },
        "AgentBehavior.Step.mean": {
            "value": 299987.0,
            "min": 9948.0,
            "max": 299987.0,
            "count": 30
        },
        "AgentBehavior.Step.sum": {
            "value": 299987.0,
            "min": 9948.0,
            "max": 299987.0,
            "count": 30
        },
        "AgentBehavior.Policy.ExtrinsicValueEstimate.mean": {
            "value": -0.6578366756439209,
            "min": -1.0760549306869507,
            "max": 0.9222776293754578,
            "count": 30
        },
        "AgentBehavior.Policy.ExtrinsicValueEstimate.sum": {
            "value": -132.8830108642578,
            "min": -219.51519775390625,
            "max": 184.4555206298828,
            "count": 30
        },
        "AgentBehavior.Environment.EpisodeLength.mean": {
            "value": 166.3,
            "min": 137.47222222222223,
            "max": 176.864406779661,
            "count": 30
        },
        "AgentBehavior.Environment.EpisodeLength.sum": {
            "value": 9978.0,
            "min": 9324.0,
            "max": 10484.0,
            "count": 30
        },
        "AgentBehavior.Environment.CumulativeReward.mean": {
            "value": -10.451369443535805,
            "min": -11.57086626579985,
            "max": -9.26515198370506,
            "count": 30
        },
        "AgentBehavior.Environment.CumulativeReward.sum": {
            "value": -627.0821666121483,
            "min": -774.4550225734711,
            "max": -537.3788150548935,
            "count": 30
        },
        "AgentBehavior.Policy.ExtrinsicReward.mean": {
            "value": -10.451369443535805,
            "min": -11.57086626579985,
            "max": -9.26515198370506,
            "count": 30
        },
        "AgentBehavior.Policy.ExtrinsicReward.sum": {
            "value": -627.0821666121483,
            "min": -774.4550225734711,
            "max": -537.3788150548935,
            "count": 30
        },
        "AgentBehavior.IsTraining.mean": {
            "value": 1.0,
            "min": 1.0,
            "max": 1.0,
            "count": 30
        },
        "AgentBehavior.IsTraining.sum": {
            "value": 1.0,
            "min": 1.0,
            "max": 1.0,
            "count": 30
        },
        "AgentBehavior.Losses.PolicyLoss.mean": {
            "value": 0.020070705764616528,
            "min": 0.017254534784084778,
            "max": 0.03019824358925689,
            "count": 29
        },
        "AgentBehavior.Losses.PolicyLoss.sum": {
            "value": 0.020070705764616528,
            "min": 0.017254534784084778,
            "max": 0.03019824358925689,
            "count": 29
        },
        "AgentBehavior.Losses.ValueLoss.mean": {
            "value": 3.324562136332194,
            "min": 2.922952747344971,
            "max": 5.352740184466044,
            "count": 29
        },
        "AgentBehavior.Losses.ValueLoss.sum": {
            "value": 3.324562136332194,
            "min": 2.922952747344971,
            "max": 5.352740184466044,
            "count": 29
        },
        "AgentBehavior.Policy.LearningRate.mean": {
            "value": 0.00029106348297884007,
            "min": 0.00029106348297884007,
            "max": 0.0002996910901029699,
            "count": 29
        },
        "AgentBehavior.Policy.LearningRate.sum": {
            "value": 0.00029106348297884007,
            "min": 0.00029106348297884007,
            "max": 0.0002996910901029699,
            "count": 29
        },
        "AgentBehavior.Policy.Epsilon.mean": {
            "value": 0.19702116000000006,
            "min": 0.19702116000000006,
            "max": 0.19989702999999995,
            "count": 29
        },
        "AgentBehavior.Policy.Epsilon.sum": {
            "value": 0.19702116000000006,
            "min": 0.19702116000000006,
            "max": 0.19989702999999995,
            "count": 29
        },
        "AgentBehavior.Policy.Beta.mean": {
            "value": 0.004851355883999999,
            "min": 0.004851355883999999,
            "max": 0.0049948617970000005,
            "count": 29
        },
        "AgentBehavior.Policy.Beta.sum": {
            "value": 0.004851355883999999,
            "min": 0.004851355883999999,
            "max": 0.0049948617970000005,
            "count": 29
        }
    },
    "metadata": {
        "timer_format_version": "0.1.0",
        "start_time_seconds": "1710109464",
        "python_version": "3.9.13 (main, Oct 13 2022, 21:23:06) [MSC v.1916 64 bit (AMD64)]",
        "command_line_arguments": "C:\\Users\\orhun\\anaconda3\\envs\\mlagents\\Scripts\\mlagents-learn config.yaml",
        "mlagents_version": "0.30.0",
        "mlagents_envs_version": "0.30.0",
        "communication_protocol_version": "1.5.0",
        "pytorch_version": "2.2.1",
        "numpy_version": "1.21.2",
        "end_time_seconds": "1710110489"
    },
    "total": 1025.6535777,
    "count": 1,
    "self": 4.268343999999843,
    "children": {
        "run_training.setup": {
            "total": 0.3150503000000002,
            "count": 1,
            "self": 0.3150503000000002
        },
        "TrainerController.start_learning": {
            "total": 1021.0701834,
            "count": 1,
            "self": 2.715480600005094,
            "children": {
                "TrainerController._reset_env": {
                    "total": 10.6314465,
                    "count": 1,
                    "self": 10.6314465
                },
                "TrainerController.advance": {
                    "total": 1007.3422453999948,
                    "count": 100307,
                    "self": 2.5704288999764913,
                    "children": {
                        "env_step": {
                            "total": 867.6735748000137,
                            "count": 100307,
                            "self": 415.79981990002244,
                            "children": {
                                "SubprocessEnvManager._take_step": {
                                    "total": 450.0219205999949,
                                    "count": 103373,
                                    "self": 11.897628699988218,
                                    "children": {
                                        "TorchPolicy.evaluate": {
                                            "total": 438.1242919000067,
                                            "count": 101885,
                                            "self": 438.1242919000067
                                        }
                                    }
                                },
                                "workers": {
                                    "total": 1.851834299996387,
                                    "count": 100306,
                                    "self": 0.0,
                                    "children": {
                                        "worker_root": {
                                            "total": 3032.5856914999667,
                                            "count": 103370,
                                            "is_parallel": true,
                                            "self": 1021.3819976999766,
                                            "children": {
                                                "steps_from_proto": {
                                                    "total": 0.010253300000000465,
                                                    "count": 3,