{
    "name": "root",
    "gauges": {
        "AgentBehavior.Policy.Entropy.mean": {
            "value": 1.4470655918121338,
            "min": 1.4307812452316284,
            "max": 1.4470655918121338,
            "count": 36
        },
        "AgentBehavior.Policy.Entropy.sum": {
            "value": 28999.1953125,
            "min": 21268.5625,
            "max": 29134.76953125,
            "count": 36
        },
        "AgentBehavior.Step.mean": {
            "value": 1019979.0,
            "min": 319983.0,
            "max": 1019979.0,
            "count": 36
        },
        "AgentBehavior.Step.sum": {
            "value": 1019979.0,
            "min": 319983.0,
            "max": 1019979.0,
            "count": 36
        },
        "AgentBehavior.Policy.ExtrinsicValueEstimate.mean": {
            "value": -1.5828241109848022,
            "min": -2.7213242053985596,
            "max": -0.718625545501709,
            "count": 36
        },
        "AgentBehavior.Policy.ExtrinsicValueEstimate.sum": {
            "value": -636.2952880859375,
            "min": -1091.2509765625,
            "max": -209.12002563476562,
            "count": 36
        },
        "AgentBehavior.Environment.EpisodeLength.mean": {
            "value": 189.4245283018868,
            "min": 167.67768595041323,
            "max": 193.29807692307693,
            "count": 36
        },
        "AgentBehavior.Environment.EpisodeLength.sum": {
            "value": 20079.0,
            "min": 14091.0,
            "max": 20289.0,
            "count": 36
        },
        "AgentBehavior.Environment.CumulativeReward.mean": {
            "value": -9.450253115720907,
            "min": -10.870766415928317,
            "max": -8.540678723451665,
            "count": 36
        },
        "AgentBehavior.Environment.CumulativeReward.sum": {
            "value": -1001.7268302664161,
            "min": -1301.260532476008,
            "max": -876.8903024569154,
            "count": 36
        },
        "AgentBehavior.Policy.ExtrinsicReward.mean": {
            "value": -9.450253115720907,
            "min": -10.870766415928317,
            "max": -8.540678723451665,
            "count": 36
        },
        "AgentBehavior.Policy.ExtrinsicReward.sum": {
            "value": -1001.7268302664161,
            "min": -1301.260532476008,
            "max": -876.8903024569154,
            "count": 36
        },
        "AgentBehavior.Losses.PolicyLoss.mean": {
            "value": 0.024937542961015424,
            "min": 0.01940552863185682,
            "max": 0.030387881041194,
            "count": 36
        },
        "AgentBehavior.Losses.PolicyLoss.sum": {
            "value": 0.04987508592203085,
            "min": 0.01940552863185682,
            "max": 0.055133907101117076,
            "count": 36
        },
        "AgentBehavior.Losses.ValueLoss.mean": {
            "value": 1.8196105082829792,
            "min": 1.5160071889559428,
            "max": 2.9707698901494344,
            "count": 36
        },
        "AgentBehavior.Losses.ValueLoss.sum": {
            "value": 3.6392210165659584,
            "min": 1.674803340435028,
            "max": 5.63982185125351,
            "count": 36
        },
        "AgentBehavior.Policy.LearningRate.mean": {
            "value": 0.0002697265750911449,
            "min": 0.0002697265750911449,
            "max": 0.00029053017315661,
            "count": 36
        },
        "AgentBehavior.Policy.LearningRate.sum": {
            "value": 0.0005394531501822898,
            "min": 0.00027450447849851,
            "max": 0.00058013775662075,
            "count": 36
        },
        "AgentBehavior.Policy.Epsilon.mean": {
            "value": 0.18990885499999993,
            "min": 0.18990885499999993,
            "max": 0.19684338999999998,
            "count": 36
        },
        "AgentBehavior.Policy.Epsilon.sum": {
            "value": 0.37981770999999986,
            "min": 0.19150149000000002,
            "max": 0.39337924999999996,
            "count": 36
        },
        "AgentBehavior.Policy.Beta.mean": {
            "value": 0.0044964518645,
            "min": 0.0044964518645,
            "max": 0.0048424851609999995,
            "count": 36
        },
        "AgentBehavior.Policy.Beta.sum": {
            "value": 0.008992903729,
            "min": 0.004575924350999999,
            "max": 0.009669624574999997,
            "count": 36
        },
        "AgentBehavior.IsTraining.mean": {
            "value": 1.0,
            "min": 1.0,
            "max": 1.0,
            "count": 36
        },
        "AgentBehavior.IsTraining.sum": {
            "value": 1.0,
            "min": 1.0,
            "max": 1.0,
            "count": 36
        }
    },
    "metadata": {
        "timer_format_version": "0.1.0",
        "start_time_seconds": "1710194343",
        "python_version": "3.9.13 (main, Oct 13 2022, 21:23:06) [MSC v.1916 64 bit (AMD64)]",
        "command_line_arguments": "C:\\Users\\orhun\\anaconda3\\envs\\mlagents\\Scripts\\mlagents-learn results\\0.3.1-01\\configuration.yaml",
        "mlagents_version": "0.30.0",
        "mlagents_envs_version": "0.30.0",
        "communication_protocol_version": "1.5.0",
        "pytorch_version": "2.2.1",
        "numpy_version": "1.21.2",
        "end_time_seconds": "1710197042"
    },
    "total": 2699.0500039,
    "count": 1,
    "self": 4.215086600000177,
    "children": {
        "run_training.setup": {
            "total": 0.3443620000000003,
            "count": 1,
            "self": 0.3443620000000003
        },
        "TrainerController.start_learning": {
            "total": 2694.4905553,
            "count": 1,
            "self": 7.8234830000133115,
            "children": {
                "TrainerController._reset_env": {
                    "total": 12.327136699999999,
                    "count": 1,
                    "self": 12.327136699999999
                },
                "TrainerController.advance": {
                    "total": 2674.1227001999864,
                    "count": 234537,
                    "self": 7.92885660001366,
                    "children": {
                        "env_step": {
                            "total": 2292.6247445999707,
                            "count": 234537,
                            "self": 1023.8315365999943,
                            "children": {
                                "SubprocessEnvManager._take_step": {
                                    "total": 1263.279207600025,
                                    "count": 241714,
                                    "self": 32.86830680003732,
                                    "children": {
                                        "TorchPolicy.evaluate": {
                                            "total": 1230.4109007999878,
                                            "count": 238604,
                                            "self": 1230.4109007999878
                                        }
                                    }
                                },
                                "workers": {
                                    "total": 5.51400039995136,
                                    "count": 234536,
                                    "self": 0.0,
                                    "children": {
                                        "worker_root": {
                                            "total": 8044.536063200056,
                                            "count": 241711,
                                            "is_parallel": true,
                                            "self": 2828.5415524999207,
                                            "children": {
                                                "steps_from_proto": {
                                                    "total": 0.007451099999999045,
                                                    "count": 3,