{
    "name": "root",
    "gauges": {
        "AgentBehavior.Policy.Entropy.mean": {
            "value": 1.3270940780639648,
            "min": 1.326967716217041,
            "max": 1.4189382791519165,
            "count": 496
        },
        "AgentBehavior.Policy.Entropy.sum": {
            "value": 13631.91015625,
            "min": 12584.06640625,
            "max": 16865.5,
            "count": 496
        },
        "AgentBehavior.Environment.EpisodeLength.mean": {
            "value": 58.94838709677419,
            "min": 57.140243902439025,
            "max": 190.34615384615384,
            "count": 496
        },
        "AgentBehavior.Environment.EpisodeLength.sum": {
            "value": 9137.0,
            "min": 6553.0,
            "max": 11608.0,
            "count": 496
        },
        "AgentBehavior.Step.mean": {
            "value": 4959981.0,
            "min": 9951.0,
            "max": 4959981.0,
            "count": 496
        },
        "AgentBehavior.Step.sum": {
            "value": 4959981.0,
            "min": 9951.0,
            "max": 4959981.0,
            "count": 496
        },
        "AgentBehavior.Policy.ExtrinsicValueEstimate.mean": {
            "value": 0.6547545790672302,
            "min": -3.618074893951416,
            "max": 0.7117297649383545,
            "count": 496
        },
        "AgentBehavior.Policy.ExtrinsicValueEstimate.sum": {
            "value": 144.04600524902344,
            "min": -680.1980590820312,
            "max": 164.40957641601562,
            "count": 496
        },
        "AgentBehavior.Environment.CumulativeReward.mean": {
            "value": 0.9755128795851863,
            "min": -0.9540150188109172,
            "max": 0.9924612463017305,
            "count": 496
        },
        "AgentBehavior.Environment.CumulativeReward.sum": {
            "value": 151.20449633570388,
            "min": -81.67678534891456,
            "max": 160.48116039135493,
            "count": 496
        },
        "AgentBehavior.Policy.ExtrinsicReward.mean": {
            "value": 0.9755128795851863,
            "min": -0.9540150188109172,
            "max": 0.9924612463017305,
            "count": 496
        },
        "AgentBehavior.Policy.ExtrinsicReward.sum": {
            "value": 151.20449633570388,
            "min": -81.67678534891456,
            "max": 160.48116039135493,
            "count": 496
        },
        "AgentBehavior.IsTraining.mean": {
            "value": 1.0,
            "min": 1.0,
            "max": 1.0,
            "count": 496
        },
        "AgentBehavior.IsTraining.sum": {
            "value": 1.0,
            "min": 1.0,
            "max": 1.0,
            "count": 496
        },
        "AgentBehavior.Losses.PolicyLoss.mean": {
            "value": 0.02566072840903265,
            "min": 0.013265079229798478,
            "max": 0.03555861133305977,
            "count": 482
        },
        "AgentBehavior.Losses.PolicyLoss.sum": {
            "value": 0.02566072840903265,
            "min": 0.013265079229798478,
            "max": 0.03555861133305977,
            "count": 482
        },
        "AgentBehavior.Losses.ValueLoss.mean": {
            "value": 0.027960005526741345,
            "min": 0.013433389645069838,
            "max": 0.6731019496917725,
            "count": 482
        },
        "AgentBehavior.Losses.ValueLoss.sum": {
            "value": 0.027960005526741345,
            "min": 0.013433389645069838,
            "max": 0.6731019496917725,
            "count": 482
        },
        "AgentBehavior.Policy.LearningRate.mean": {
            "value": 0.00015135967954678999,
            "min": 0.00015135967954678999,
            "max": 0.00029969019010326996,
            "count": 482
        },
        "AgentBehavior.Policy.LearningRate.sum": {
            "value": 0.00015135967954678999,
            "min": 0.00015135967954678999,
            "max": 0.00029969019010326996,
            "count": 482
        },
        "AgentBehavior.Policy.Epsilon.mean": {
            "value": 0.15045321000000006,
            "min": 0.15045321000000006,
            "max": 0.19989672999999997,
            "count": 482
        },
        "AgentBehavior.Policy.Epsilon.sum": {
            "value": 0.15045321000000006,
            "min": 0.15045321000000006,
            "max": 0.19989672999999997,
            "count": 482
        },
        "AgentBehavior.Policy.Beta.mean": {
            "value": 0.0025276151790000014,
            "min": 0.0025276151790000014,
            "max": 0.004994846826999999,
            "count": 482
        },
        "AgentBehavior.Policy.Beta.sum": {
            "value": 0.0025276151790000014,
            "min": 0.0025276151790000014,
            "max": 0.004994846826999999,
            "count": 482
        }
    },
    "metadata": {
        "timer_format_version": "0.1.0",
        "start_time_seconds": "1710896624",
        "python_version": "3.9.18 (main, Aug 25 2023, 13:20:14) \n[GCC 11.4.0]",
        "command_line_arguments": "/usr/local/bin/mlagents-learn /content/config.yaml --env /content/MLProject/Jupyter/b071me/b071me.x86_64",
        "mlagents_version": "0.30.0",
        "mlagents_envs_version": "0.30.0",
        "communication_protocol_version": "1.5.0",
        "pytorch_version": "2.2.1+cu118",
        "numpy_version": "1.23.5",
        "end_time_seconds": "1710913558"
    },
    "total": 16933.197827366,
    "count": 1,
    "self": 2.831703338997613,
    "children": {
        "run_training.setup": {
            "total": 0.33287715000005846,
            "count": 1,
            "self": 0.33287715000005846
        },
        "TrainerController.start_learning": {
            "total": 16930.033246877,
            "count": 1,
            "self": 48.68529526769635,
            "children": {
                "TrainerController._reset_env": {
                    "total": 8.242670842999928,
                    "count": 1,
                    "self": 8.242670842999928
                },
                "TrainerController.advance": {
                    "total": 16872.557287807304,
                    "count": 358802,
                    "self": 43.69410231992151,
                    "children": {
                        "env_step": {
                            "total": 13936.094915302083,
                            "count": 358802,
                            "self": 8585.211409805062,
                            "children": {
                                "SubprocessEnvManager._take_step": {
                                    "total": 5318.911727705598,
                                    "count": 857780,
                                    "self": 268.4820241065763,
                                    "children": {
                                        "TorchPolicy.evaluate": {
                                            "total": 5050.429703599022,
                                            "count": 827612,
                                            "self": 5050.429703599022
                                        }
                                    }
                                },
                                "workers": {
                                    "total": 31.971777791422937,
                                    "count": 358801,
                                    "self": 0.0,
                                    "children": {
                                        "worker_root": {
                                            "total": 169252.60135042033,
                                            "count": 857772,
                                            "is_parallel": true,
                                            "self": 53882.30067180129,
                                            "children": {
                                                "run_training.setup": {
                                                    "total": 0.0,
                                                    "count": 0,